city,title,company,experience,education,company_scale,avg_salary
杭州,C++开发,Company_14,5year,Master,small,28756.766404448237
深圳,数据分析,Company_23,1year,Master,large,26517.382015961084
成都,C++开发,Company_1,10year,Master,medium,28101.950087140845
南京,Python开发,Company_11,3year,Master,small,19186.53114046425
杭州,Python开发,Company_48,5year,Bachelor,large,28955.160655866897
成都,数据分析,Company_43,5year,Master,small,22505.20897896329
深圳,C++开发,Company_6,1year,Bachelor,large,18083.399911524146
上海,C++开发,Company_1,10year,Master,large,48786.47109572756
杭州,前端开发,Company_7,5year,Bachelor,medium,23443.81279310004
杭州,Java开发,Company_5,3year,Master,medium,22788.092681503942
南京,Java开发,Company_25,10year,Master,medium,28693.93639147925
成都,前端开发,Company_39,1year,Master,small,14244.225199983728
上海,C++开发,Company_23,3year,Bachelor,small,31359.40505703669
北京,Python开发,Company_6,1year,Master,small,21873.937812052878
杭州,数据分析,Company_16,10year,Bachelor,large,34059.78924865823
北京,前端开发,Company_33,1year,Master,large,19400.95682354587
成都,C++开发,Company_34,10year,Master,medium,29620.157802265076
南京,数据分析,Company_0,1year,Master,large,18023.786886747133
成都,数据分析,Company_8,5year,Bachelor,medium,24521.611422886992
杭州,C++开发,Company_31,10year,Master,small,37455.53261985129
南京,数据分析,Company_28,10year,Bachelor,large,27960.562459998928
上海,Java开发,Company_44,3year,Bachelor,small,25645.25598232175
成都,前端开发,Company_27,10year,Master,medium,23473.540204072182
杭州,Python开发,Company_38,3year,Bachelor,small,26608.195066833818
北京,数据分析,Company_12,1year,Bachelor,large,23960.510958353672
成都,C++开发,Company_32,5year,Master,large,22090.779321791586
深圳,Python开发,Company_48,3year,Bachelor,medium,21819.31771869259
北京,Python开发,Company_48,3year,Master,medium,29172.446914311044
南京,Python开发,Company_0,5year,Master,medium,18565.571124444195
成都,前端开发,Company_10,10year,Bachelor,small,27908.67873220953
成都,C++开发,Company_33,3year,Master,large,21713.411219213547
北京,前端开发,Company_5,10year,Bachelor,large,39200.690954039375
杭州,前端开发,Company_35,5year,Master,large,25192.741813323446
杭州,Python开发,Company_32,10year,Master,large,39670.09066196921
上海,Python开发,Company_10,10year,Bachelor,small,41460.45366940209
上海,数据分析,Company_6,10year,Master,medium,36151.2828390834
北京,前端开发,Company_48,3year,Bachelor,medium,22033.333313661908
深圳,数据分析,Company_47,10year,Bachelor,medium,45389.58975079692
北京,前端开发,Company_10,1year,Master,medium,21729.703568562792
成都,Python开发,Company_34,1year,Bachelor,medium,17535.533362771625
成都,Java开发,Company_1,3year,Bachelor,small,19708.543955119767
北京,C++开发,Company_47,10year,Master,large,41274.62899367004
深圳,Python开发,Company_32,10year,Master,large,33657.502878806445
成都,C++开发,Company_7,5year,Bachelor,medium,23296.63949790427
南京,Python开发,Company_27,5year,Master,small,26298.526685718396
深圳,前端开发,Company_34,10year,Bachelor,small,31378.235266379317
杭州,前端开发,Company_29,1year,Master,small,17494.316416503778
南京,C++开发,Company_48,3year,Bachelor,large,22977.88018475783
深圳,前端开发,Company_32,10year,Bachelor,small,37908.40024976456
深圳,Java开发,Company_24,3year,Bachelor,medium,25033.16868092685
上海,数据分析,Company_39,3year,Master,medium,29420.260501454548
上海,Java开发,Company_16,10year,Bachelor,small,34542.41583846057
深圳,C++开发,Company_41,5year,Master,large,37980.82568826842
杭州,Java开发,Company_6,1year,Master,small,15826.45528579679
杭州,Python开发,Company_7,10year,Master,medium,34622.912450410775
杭州,Java开发,Company_1,10year,Bachelor,large,36924.782364732906
成都,数据分析,Company_24,3year,Bachelor,medium,21254.9715186549
成都,Python开发,Company_41,3year,Bachelor,medium,16040.680896349792
深圳,前端开发,Company_36,1year,Master,small,20716.816674036505
杭州,数据分析,Company_39,10year,Master,small,36617.704680299896
上海,前端开发,Company_41,3year,Bachelor,small,21512.912108318298
上海,Java开发,Company_36,3year,Bachelor,medium,21625.381216141115
北京,前端开发,Company_0,3year,Master,small,21753.31497813279
成都,Python开发,Company_39,1year,Bachelor,small,14364.595517145151
南京,C++开发,Company_21,1year,Bachelor,large,15767.008873106357
南京,Python开发,Company_28,3year,Master,small,17658.162540142162
北京,前端开发,Company_4,10year,Master,medium,39779.22547575544
杭州,Python开发,Company_29,1year,Bachelor,medium,20404.801019893686
上海,C++开发,Company_35,3year,Master,large,40055.613764396636
南京,前端开发,Company_15,10year,Master,large,25956.63690307439
上海,Python开发,Company_27,10year,Master,large,43094.34407011014
深圳,前端开发,Company_32,1year,Bachelor,large,20388.08364114592
深圳,C++开发,Company_11,5year,Bachelor,small,31559.403474465526
南京,C++开发,Company_11,5year,Master,medium,28310.587980548502
南京,数据分析,Company_49,5year,Bachelor,small,22765.702047429673
上海,Java开发,Company_33,5year,Bachelor,large,38181.365052728215
杭州,Java开发,Company_49,1year,Bachelor,small,18313.534685882976
南京,Python开发,Company_35,3year,Bachelor,small,19225.59289220055
深圳,Python开发,Company_34,10year,Master,medium,40919.35003235298
成都,C++开发,Company_11,1year,Bachelor,small,13611.147356597015
北京,数据分析,Company_40,3year,Bachelor,small,34391.26653136348
成都,C++开发,Company_18,1year,Master,small,16098.742671583026
北京,数据分析,Company_11,1year,Bachelor,medium,23186.31521670029
上海,C++开发,Company_4,5year,Master,small,44641.77670507874
杭州,数据分析,Company_20,10year,Bachelor,large,35906.254587918454
南京,Java开发,Company_38,3year,Bachelor,medium,19924.66746891308
南京,数据分析,Company_22,1year,Bachelor,large,17385.472117336747
南京,C++开发,Company_39,3year,Bachelor,medium,24839.685283574676
深圳,Java开发,Company_1,1year,Bachelor,small,21058.141912983272
南京,Python开发,Company_21,10year,Bachelor,large,24974.361781095515
北京,C++开发,Company_3,10year,Master,large,34954.420880095175
深圳,Java开发,Company_25,5year,Bachelor,medium,30566.331421970415
深圳,C++开发,Company_12,3year,Master,medium,30101.047321945865
北京,数据分析,Company_12,10year,Master,small,40305.147234031094
杭州,Python开发,Company_24,10year,Bachelor,medium,40607.769464164514
南京,C++开发,Company_46,1year,Master,medium,16522.92457600177
南京,数据分析,Company_36,10year,Bachelor,large,30494.55995009571
北京,Python开发,Company_13,5year,Bachelor,small,37530.34389120249
南京,数据分析,Company_15,5year,Bachelor,large,25454.461197689645
杭州,C++开发,Company_7,3year,Master,medium,29339.67429508399
上海,前端开发,Company_49,10year,Master,small,36971.77761340335
北京,C++开发,Company_19,1year,Master,small,29179.751751953438
南京,数据分析,Company_5,3year,Bachelor,small,18279.58886601453
成都,Java开发,Company_44,1year,Bachelor,small,16895.323117640015
成都,Python开发,Company_17,10year,Bachelor,small,31416.193662961767
北京,数据分析,Company_26,1year,Bachelor,small,22056.358103977655
上海,Python开发,Company_34,5year,Bachelor,small,34393.02521778125
南京,C++开发,Company_36,3year,Master,large,21972.746558563493
北京,C++开发,Company_13,1year,Master,small,24865.56636711614
成都,Python开发,Company_48,10year,Master,medium,29046.13727908729
杭州,Java开发,Company_33,3year,Master,large,26562.010109335653
成都,前端开发,Company_4,3year,Master,large,16943.63360421321
北京,Python开发,Company_47,5year,Bachelor,large,38057.219019766904
上海,数据分析,Company_38,3year,Master,medium,33253.247305782126
成都,Java开发,Company_33,3year,Master,large,19986.812696611934
杭州,Python开发,Company_37,1year,Master,large,18986.12519449443
杭州,Java开发,Company_16,1year,Bachelor,medium,18452.800658042637
杭州,前端开发,Company_23,1year,Master,medium,18289.110797905578
南京,Java开发,Company_12,3year,Bachelor,large,19201.060420063972
北京,数据分析,Company_15,10year,Master,small,43609.115741006
深圳,数据分析,Company_26,1year,Master,medium,18857.388106319697
南京,C++开发,Company_17,10year,Master,small,33182.4735697624
成都,C++开发,Company_5,1year,Bachelor,small,17327.763549851457
北京,Java开发,Company_44,5year,Bachelor,medium,33334.53518564295
北京,Python开发,Company_21,5year,Master,medium,34394.8689148982
北京,Java开发,Company_35,1year,Master,small,19525.87914466284
深圳,C++开发,Company_14,5year,Bachelor,medium,38379.744782013084
成都,Java开发,Company_44,3year,Master,large,16927.289601950033
深圳,数据分析,Company_46,5year,Master,large,30983.174344210987
上海,数据分析,Company_14,10year,Bachelor,large,42585.8133589291
南京,前端开发,Company_9,5year,Bachelor,small,20371.76425811978
杭州,Python开发,Company_16,1year,Master,small,17168.02009304229
杭州,Java开发,Company_2,1year,Bachelor,medium,18622.976632532802
上海,Python开发,Company_43,5year,Master,small,31414.33555793409
南京,前端开发,Company_25,10year,Master,large,22140.08706498953
成都,C++开发,Company_5,3year,Bachelor,medium,21817.812958384377
深圳,Python开发,Company_2,5year,Bachelor,small,34287.83578764437
杭州,Python开发,Company_29,10year,Master,large,35446.450923827404
成都,Python开发,Company_1,5year,Bachelor,medium,25555.915878157768
成都,Java开发,Company_3,5year,Master,small,20730.666849106776
杭州,Python开发,Company_11,5year,Bachelor,medium,29604.245273355322
成都,数据分析,Company_35,1year,Bachelor,large,15684.271817814919
北京,Java开发,Company_9,1year,Bachelor,medium,20525.300405290294
南京,Python开发,Company_16,1year,Bachelor,large,16947.39547405069
成都,数据分析,Company_29,5year,Bachelor,small,25212.25561816565
北京,Java开发,Company_11,5year,Bachelor,small,32247.122839191314
成都,前端开发,Company_28,10year,Bachelor,small,26164.48176393023
深圳,C++开发,Company_36,1year,Bachelor,large,24126.908473379543
成都,Java开发,Company_3,1year,Bachelor,medium,15995.33348085011
成都,数据分析,Company_37,1year,Bachelor,large,14838.707397935657
北京,Python开发,Company_16,1year,Bachelor,large,21050.3295526609
深圳,数据分析,Company_5,3year,Bachelor,large,28234.213390615532
深圳,Java开发,Company_14,5year,Bachelor,small,34740.04092121598
杭州,C++开发,Company_37,1year,Bachelor,small,20960.59207712666
南京,数据分析,Company_32,3year,Master,medium,20950.995578210637
上海,Python开发,Company_37,1year,Bachelor,large,25902.062965487643
杭州,C++开发,Company_23,10year,Master,large,36894.58372284614
杭州,前端开发,Company_44,3year,Bachelor,large,22601.76047385169
深圳,数据分析,Company_35,10year,Master,large,45354.086741210085
成都,Java开发,Company_39,3year,Master,large,19017.603508083437
上海,数据分析,Company_11,3year,Bachelor,medium,28463.66003287411
杭州,数据分析,Company_11,10year,Master,small,35544.584578645874
南京,Java开发,Company_48,10year,Bachelor,medium,26318.207772668047
杭州,Python开发,Company_0,5year,Master,large,28751.447540132987
深圳,C++开发,Company_46,1year,Bachelor,small,24077.577472883553
上海,Python开发,Company_34,5year,Master,small,32207.956604898136
上海,数据分析,Company_37,3year,Bachelor,medium,31708.542206985803
深圳,数据分析,Company_43,5year,Bachelor,medium,34187.896416892254
北京,前端开发,Company_5,1year,Master,small,22183.08065774871
成都,Java开发,Company_27,3year,Bachelor,small,14972.75397881637
北京,前端开发,Company_40,1year,Master,medium,20239.9255998034
北京,Python开发,Company_31,1year,Master,large,25319.952578312143
深圳,数据分析,Company_18,3year,Master,medium,35296.35456585045
上海,Python开发,Company_13,5year,Bachelor,medium,30569.328437312426
上海,前端开发,Company_48,3year,Master,medium,23867.58307738841
南京,数据分析,Company_31,3year,Master,large,21561.851928027776
成都,Java开发,Company_32,5year,Bachelor,medium,21863.702589334658
北京,数据分析,Company_23,5year,Bachelor,large,40988.297511055775
南京,Python开发,Company_46,1year,Bachelor,large,13825.148700995183
上海,数据分析,Company_31,10year,Master,medium,45262.41836747835
深圳,前端开发,Company_36,3year,Bachelor,medium,25169.208588932877
上海,Python开发,Company_22,1year,Bachelor,small,21197.867164000647
深圳,前端开发,Company_28,10year,Master,medium,35099.96115614983
深圳,Java开发,Company_1,5year,Bachelor,large,34049.60201510815
杭州,前端开发,Company_4,1year,Master,medium,18548.81904052952
深圳,前端开发,Company_21,10year,Master,small,33081.09097119375
上海,数据分析,Company_45,5year,Master,small,43895.56145327355
北京,Java开发,Company_44,1year,Bachelor,small,15759.734764296385
成都,数据分析,Company_45,10year,Master,medium,29584.16295023554
南京,数据分析,Company_5,3year,Master,small,22371.616445063024
上海,前端开发,Company_40,3year,Master,small,24579.272865644165
杭州,C++开发,Company_41,3year,Bachelor,large,19838.430156512164
北京,数据分析,Company_39,3year,Master,small,27366.568493864233
南京,Python开发,Company_25,1year,Master,medium,16553.716813592157
上海,Java开发,Company_42,1year,Bachelor,small,17987.833568966427
南京,数据分析,Company_39,5year,Master,small,27235.55065339505
深圳,数据分析,Company_33,5year,Bachelor,medium,34149.05677557119
上海,前端开发,Company_46,10year,Bachelor,large,31749.16413230452
杭州,数据分析,Company_16,3year,Bachelor,small,26704.18207172682
上海,C++开发,Company_8,1year,Master,small,21147.14306073204
北京,Python开发,Company_42,10year,Master,small,45240.25192729939
南京,前端开发,Company_43,5year,Master,medium,20554.947362102288
上海,前端开发,Company_18,1year,Master,large,19106.715648982412
杭州,数据分析,Company_7,5year,Bachelor,small,33412.63441889444
南京,Python开发,Company_17,1year,Master,large,15303.778377563633
上海,Java开发,Company_15,5year,Bachelor,large,33402.77798385992
上海,C++开发,Company_21,3year,Bachelor,medium,31460.985965655556
深圳,Java开发,Company_22,1year,Master,large,18976.06485378338
成都,前端开发,Company_38,5year,Master,large,17679.586039696303
杭州,C++开发,Company_33,5year,Bachelor,large,34306.87593327118
上海,前端开发,Company_38,5year,Master,small,36428.24917871007
南京,Java开发,Company_32,10year,Bachelor,medium,29442.37169548469
杭州,Java开发,Company_34,3year,Master,medium,25282.787546196345
深圳,前端开发,Company_28,3year,Bachelor,small,23351.5338303335
成都,C++开发,Company_43,1year,Master,large,14770.112291449226
杭州,C++开发,Company_0,3year,Bachelor,large,26193.283342073122
南京,Java开发,Company_3,3year,Master,small,19372.5725789201
北京,Python开发,Company_23,10year,Master,large,43239.5572449668
上海,C++开发,Company_36,5year,Master,medium,40212.10248799571
上海,Python开发,Company_6,10year,Master,large,41468.426545926515
杭州,C++开发,Company_44,3year,Master,large,25346.632551122322
北京,Java开发,Company_2,10year,Master,small,38130.76264755533
南京,Python开发,Company_8,5year,Master,medium,20544.957168011926
深圳,Java开发,Company_17,3year,Bachelor,large,26379.7570156481
深圳,C++开发,Company_46,1year,Bachelor,medium,22378.224263966014
深圳,数据分析,Company_27,1year,Bachelor,large,24298.482465063273
北京,Java开发,Company_11,3year,Bachelor,large,29929.192317665307
深圳,Java开发,Company_23,10year,Bachelor,medium,44966.205793141206
深圳,C++开发,Company_47,3year,Master,medium,31806.25474470472
深圳,Java开发,Company_39,5year,Bachelor,small,31793.71393366407
北京,数据分析,Company_15,10year,Master,small,42770.15228368256
南京,数据分析,Company_44,1year,Bachelor,medium,15939.974136361598
杭州,数据分析,Company_37,10year,Bachelor,small,35803.137715555255
成都,Java开发,Company_35,3year,Master,small,16829.585699355266
南京,前端开发,Company_38,3year,Master,small,18160.53853921147
北京,Java开发,Company_23,1year,Bachelor,medium,21941.417421173028
深圳,Java开发,Company_40,10year,Master,large,33001.78750247692
南京,C++开发,Company_21,10year,Master,medium,30329.898616971037
杭州,数据分析,Company_16,10year,Master,small,30450.572806153734
上海,数据分析,Company_17,3year,Master,large,32072.66876110995
南京,前端开发,Company_35,5year,Bachelor,small,20409.881244832784
北京,数据分析,Company_10,3year,Bachelor,medium,29907.253031101085
上海,Java开发,Company_28,10year,Bachelor,large,34203.50942486083
南京,C++开发,Company_10,10year,Master,medium,31028.51832442129
成都,前端开发,Company_21,5year,Bachelor,large,21907.463823060963
南京,数据分析,Company_19,3year,Bachelor,small,20851.135630880624
南京,数据分析,Company_0,3year,Master,medium,19562.90371455393
北京,Python开发,Company_23,10year,Master,large,39422.96343229908
杭州,数据分析,Company_7,10year,Master,small,38454.2528378323
深圳,Java开发,Company_6,5year,Bachelor,small,33126.99419827919
杭州,Java开发,Company_2,10year,Master,large,30782.57753038518
北京,前端开发,Company_19,10year,Bachelor,medium,36994.9681171247
北京,前端开发,Company_21,3year,Bachelor,small,21998.88019601568
南京,Python开发,Company_7,1year,Master,medium,18845.390825814593
上海,数据分析,Company_44,1year,Bachelor,medium,23336.94315707315
深圳,Python开发,Company_16,10year,Bachelor,medium,40829.55516814615
成都,前端开发,Company_19,1year,Master,medium,13362.773095603347
北京,Python开发,Company_12,3year,Bachelor,small,23277.92550985895
杭州,Java开发,Company_21,5year,Master,medium,34260.48167397102
上海,Java开发,Company_41,5year,Master,small,35114.781442181134
深圳,C++开发,Company_2,5year,Master,small,42097.89716241668
上海,前端开发,Company_19,3year,Bachelor,large,25635.866178512126
深圳,前端开发,Company_15,10year,Master,medium,33973.97549768437
北京,前端开发,Company_41,3year,Bachelor,medium,29597.305895238715
成都,前端开发,Company_22,10year,Bachelor,small,23531.235693779607
成都,前端开发,Company_44,10year,Bachelor,large,25341.147415703057
南京,数据分析,Company_43,3year,Master,medium,18298.568552571207
北京,数据分析,Company_2,10year,Master,large,49205.967122742426
深圳,C++开发,Company_28,3year,Bachelor,large,28409.490016873526
成都,C++开发,Company_30,3year,Bachelor,small,17208.53959540584
杭州,前端开发,Company_43,3year,Master,medium,22268.856060823622
杭州,Java开发,Company_33,10year,Master,medium,37913.641374564926
上海,前端开发,Company_5,5year,Master,large,32671.507181342073
杭州,数据分析,Company_44,3year,Master,small,26201.45283179429
北京,数据分析,Company_25,10year,Master,medium,41521.95915400323
成都,Java开发,Company_36,1year,Master,small,13320.92183058446
北京,前端开发,Company_46,3year,Master,large,28696.922912757796
成都,Python开发,Company_24,1year,Master,medium,12287.175754067574
深圳,C++开发,Company_4,5year,Bachelor,small,32906.578656623016
上海,数据分析,Company_13,10year,Master,small,39038.36932471028
上海,前端开发,Company_29,1year,Bachelor,small,20499.179105225965
北京,Python开发,Company_19,10year,Bachelor,large,36368.81547538066
南京,C++开发,Company_11,1year,Bachelor,small,16214.4205745884
成都,前端开发,Company_19,3year,Master,medium,19844.494993289798
北京,C++开发,Company_19,3year,Bachelor,small,31176.436442020364
南京,数据分析,Company_4,1year,Bachelor,large,14684.743931896366
成都,前端开发,Company_41,10year,Bachelor,medium,24648.74184509329
北京,数据分析,Company_49,5year,Master,medium,38862.52472779173
杭州,C++开发,Company_15,3year,Master,large,25675.710402759116
南京,C++开发,Company_46,3year,Bachelor,medium,20935.52633679589
北京,Java开发,Company_42,3year,Master,medium,29957.05850771774
北京,前端开发,Company_26,10year,Bachelor,medium,35258.17746377578
杭州,Python开发,Company_0,5year,Bachelor,medium,35191.130385210825
上海,前端开发,Company_1,3year,Master,medium,21912.795152278748
北京,Python开发,Company_40,1year,Master,small,23524.86504345218
北京,数据分析,Company_3,3year,Bachelor,medium,34785.82227263615
成都,前端开发,Company_37,5year,Master,medium,22054.0561251759
深圳,C++开发,Company_10,1year,Master,medium,24121.080242263386
成都,Python开发,Company_20,5year,Bachelor,medium,27102.15558528838
杭州,C++开发,Company_24,1year,Bachelor,small,19029.167356846196
